[
    {
      "id": 1,
      "avatar_url": "https://picsum.photos/500/500?id=1",
      "name": "Bill Gates",
      "email": "bill@microsoft.com",
      "phone": "+55 11 90000-4000"
    },
    {
        "id": 2,
        "avatar_url": "https://picsum.photos/500/500?id=1",
        "name": "Ellon Musk",
        "email": "ellon@spacex.com",
        "phone": "+55 11 90000-4000"
      },
    {
        "id": 3,
        "avatar_url": "https://picsum.photos/500/500?id=1",
        "name": "Steve Jobs",
        "email": "steve@apple.com",
        "phone": "+55 11 90000-4000"
    }
  ]